{
  "test_accuracy": 0.5882352941176471,
  "macro_f1": 0.3068181818181818,
  "classes": [
    "Politics",
    "Sports",
    "Economy",
    "International",
    "Health_Society"
  ],
  "confusion_matrix": [
    [
      5,
      0,
      0,
      0,
      0
    ],
    [
      0,
      5,
      0,
      0,
      0
    ],
    [
      2,
      0,
      0,
      0,
      0
    ],
    [
      2,
      1,
      0,
      0,
      0
    ],
    [
      2,
      0,
      0,
      0,
      0
    ]
  ],
  "class_distribution": {
    "total": {
      "3": 11,
      "0": 26,
      "1": 27,
      "4": 7,
      "2": 7
    },
    "train": {
      "3": 7,
      "0": 18,
      "1": 18,
      "4": 4,
      "2": 4
    },
    "val": {
      "3": 1,
      "0": 3,
      "1": 4,
      "4": 1,
      "2": 1
    },
    "test": {
      "3": 3,
      "0": 5,
      "1": 5,
      "4": 2,
      "2": 2
    }
  }
}